file name,expected,extracted,status
adac0498_2ade_11eb_9847_dd33a91edc74_pdf.pdf,Commack,Commack,True
RENEWAL_STATE_FARM_FIRE_AND_CASUALTY_COMPANY_103_7_PDF_renew_221.pdf,CHILDERSBURG,CHILDERSBURG,True
6_7_PDF_cancel76_FIRST_ACCEPTANCE_INS_CI_INC_CANCEL.pdf,CITRUS HEIGHTS,CITRUS HEIGHTS,True
63_7_PDF_cancel63_AMICA_MUTUAL_INS_CO_CANCEL.pdf,FRANKLIN,FRANKLIN,True
6_7_PDF_binder4_state_farm_ins_com.pdf,"BROADALBIN,","BROADALBIN,",True
62_7_PDF_cancel_52_Amica_Mutual_Insuracne_Company_Notice.pdf,ARVADA,ARVADA,True
Farm_Bureau_Ins_29_PDF_ID_1.pdf,LINCOLNTON,LINCOLNTON,True
101_amend186_American_national_amend.pdf,PRINEVILLE,PRINEVILLE,True
6_7_PDF_binder4_state_farm_ins_com_3.pdf,"SOUTH BEND,","SOUTH BEND,",True
61_7_PDF_cancel_52_Amica_Mutual_Insurance_Company_Notice_2.pdf,COLORADO SPRINGS,COLORADO SPRINGS,True
60_7_PDF_ITC10_ERIE_INSURANCE_EXCHANGE_INTENT_TO_CANCEL.pdf,READING,READING,True
COUNTRY_MUTUAL_ENDORSEMENT_123_7_PDF_amend194.pdf,Puyallup,Puyallup,True
6_7_PDF_bin_1Statefarm_mutual.pdf,"TONAWANDA,",,False
5_7_PDF_cancel78_The_Travelers_Insurance_Companies_CANCELLATION.pdf,"FORT WORTH,","FORT WORTH,",True
5_7_PDF_cancel78_First_Acceptance_Insurance_Company_Cancellation.pdf,DOTHAN,DOTHAN,True
Hartford_Accident_and_Indemnity_2_7_PDF_amend_3.pdf,RATHDRUM,,False
73dbeb37_29d4_11eb_9847_13fca39c1afe_pdf.pdf,Eutaw,Eutaw,True
5_7_PDF_cancel78_First_Acceptance_Insurance_Company_Cancellation_2.pdf,JACKSONVILLE,JACKSONVILLE,True
CAHP_CU_1_1_PDF_ID_1.pdf,ANAHEIM,ANAHEIM,True
59_FIRST_ACCEPTANCE_INSURANCE_COMPANY_INC_09_10_2020_CANCEL_51_PDF_cancel_51.pdf,LEEDS,LEEDS,True
4_7_PDF_cancel78_The_Travelers_Insurance_Companies_Cancellation.pdf,"FORT WORTH,","FORT WORTH,",True
5_7_PDF_binder4_state_farm_ins_com_4.pdf,"CAMBRIDGE,","CAMBRIDGE,",True
4_7_PDF_cancel78_First_Acceptance_insurance_Company_Cancellation.pdf,SELMA,SELMA,True
NOTICE_OF_REINSTATEMENT_STATE_FARM_FIRE_AND_CASUALTY_COMPANY_125_7_PDF_rein_4.pdf,BLACHLY,BLACHLY,True
49_7_PDF_cancel75_FIRST_ACCEPTANCE_INS_CO_INC_CANCEL.pdf,HOLLY HILL,HOLLY HILL,True
46_7_PDF_cancel76_UNIQUE_INSURANCE_COMPANY_CANCEL.pdf,"MUNDELEIN,","MUNDELEIN,",True
46_7_PDF_cancel63_AMICA_MUTUAL_INS_CO_CANCEL.pdf,SALT LAKE CITY,,False
42_7_PDF_cancel76_UNIQUE_INSURANCE_COMPANY_CANCEL.pdf,"HARVARD,","HARVARD,",True
STATE_FARM_FIRE_AND_CASUALTY_REIN_82_7_PDF_rein28.pdf,PHILA,PHILA,True
NOTICE_OF_REINSTATEMENT_MGA_INSURANCE_COMPANYINC_152_7_PDF_rein_4.pdf,AXTON,AXTON,True
40_7_PDF_cancel76_UNIQUE_INSURANCE_COMPANY_CANCEL.pdf,"JOLIET,","JOLIET,",True
4_7_PDF_binder4_state_farm_ins_com_5.pdf,"RICHLAND,","RICHLAND,",True
40_7_PDF_cancel76_FIRST_ACCEPTANCE_INS_CO_INC_CANCEL.pdf,FRANKLIN,FRANKLIN,True
19_amend186_Farm_bererau_change.pdf,THREE RIVERS,THREE RIVERS,True
4_7_PDF_binder4_state_farm_ins_com_4.pdf,VERGENNES,VERGENNES,True
1c5b9289_2b60_11eb_b3c4_5915fcbe8cc6_pdf.pdf,MOBILE,MOBILE,True
77_7_PDF_decpage119_GEICO_General_Insurance_Company_Dec.pdf,HYDE PARK,HYDE PARK,True
3_TRAVELLERS_09_10_2020_CANCEL_51_PDF_cancel_51.pdf,EVANS,EVANS,True
4_7_PDF_binder4_state_farm_ins_com_11.pdf,"SAGINAW,","SAGINAW,",True
3_7_PDF_cancel78_First_Acceptance_Insurance_Company_Cancellation.pdf,SPRINGVILLE,SPRINGVILLE,True
4_7_PDF_acord_18_FARMERS_ALLIANCE_MUTUAL_INS_COM.pdf,"Watford City,",Watford City,False
2db3e150_2a47_11eb_a46b_df284ae61149_pdf.pdf,S SETAUKET,S SETAUKET,True
18_STATE_FARM_FIRE_CASUALTY_COMPANY_CANCELLATION_DOCUMENT_03_10_2020_AMEND_14_PDF_amend_14.pdf,WASHINGTON,WASHINGTON,True
38_7_PDF_ITC10_ERIE_INSURANCE_EXCHANGE_INTENT_TO_CANCEL1.pdf,CUMBERLAND,CUMBERLAND,True
37_cancel77_Amica_cancel.pdf,"Palm Coast,","Palm Coast,",True
68e8b931_2bb1_11eb_a46b_b3439011a92d_pdf.pdf,Grayslake,Grayslake,True
37_7_PDF_cancel76_FIRST_ACCEPTANCE_INS_CO_CANCEL.pdf,MOUNT VERNON,MOUNT VERNON,True
6_MENDOTA_INSURANCE_COMPANY_08_10_2020_REINST_27_PDF_reinst27.pdf,SAHUARITA,SAHUARITA,True
37_7_PDF_cancel63_AMICA_MUTUAL_INS_CO_CANCEL.pdf,BROOKFIELD,BROOKFIELD,True
36_7_PDF_cancel76_AMICA_MUTUAL_INSURANCE_COMPANY_CANCEL.pdf,PITTSBURGH,PITTSBURGH,True
3_7_PDF_binder4_state_farm_ins_com_7.pdf,"SPRINGFIELD,","SPRINGFIELD,",True
35_cancel77_First_accptance_expiration.pdf,JACKSONVILLE,JACKSONVILLE,True
3_7_PDF_binder4_state_farm_ins_com_3.pdf,LENOTR,,False
32_AMICA_MUTUAL_INSURANCE_COMPANY_09_10_2020_CANCEL_84_PDF_cancel84_5.pdf,LONG BEACH,LONG BEACH,True
32_7_PDF_ITC10_ERIE_INSURANCE_EXCHANGE_INTEND_TO_CANCEL1.pdf,PERKASIE,PERKASIE,True
3_7_PDF_binder4_state_farm_ins_com_12.pdf,"JEFFERSON,","JEFFERSON,",True
31_7_PDF_ITC10_ERIE_INSURANCE_EXCHANGE_INTEND_TO_CANCEL1.pdf,KING OF PRUSSIA,KING OF PRUSSIA,True
30_7_PDF_ITC10_ERIE_INSURANCE_EXCHANGE_INTEND_TO_CANCEL1.pdf,BETHLEHEM,BETHLEHEM,True
2_7_PDF_cancel76_UNIQUE_INSURANCE_COMPANY_CANCEL.pdf,"WAUKEGAN,","WAUKEGAN,",True
8f0f704c_2a3c_11eb_b3c4_87278e537870_pdf.pdf,MC DONALD,MC DONALD,True
e04cdbef_2a47_11eb_9847_4b7d7644b9cb_pdf.pdf,COMMACK,COMMACK,True
2_7_PDF_cancel76_THE_TRAVELERS_INSURANCE_COMPANIES_CANCEL.pdf,"SAINT PAUL,","SAINT PAUL,",True
37_7_PDF_acord31_The_standard_fire.pdf,"BLACKFOOT,","BLACKFOOT,",True
6_amend186_USAA_casuality_amend.pdf,AGAT,AGAT,True
29_7_PDF_ITC10_ERIE_INSURANCE_EXCHANGE_INTEND_TO_CANCEL1.pdf,READING,READING,True
15_amend_35_Allstate_mortgge_dec.pdf,Woodbury,Woodbury,True
73_ALLSTATE_INSURANCE_COMPANY_RENEWAL_DOCUMENT_21_10_2020_PDF_renew_1.pdf,Harriman,Harriman,True
2_7_PDF_acord_18_NEWYORK_CENTRAL_MUTUAL_FIRE.pdf,Lockport,Lockport,True
87d1055c_2ae2_11eb_a46b_73b136a00591_pdf.pdf,JAMESTOWN,JAMESTOWN,True
29_7_PDF_acord31_The_standard_fire.pdf,"CENTRAL POINT,","CENTRAL POINT,",True
Unique_Ins_co_Cancel149_7_PDF_cancel74.pdf,"AURORA,","AURORA,",True
de97d10c_2bad_11eb_9847_5f46e4fc0f4c_pdf.pdf,MC FARLAND,MC FARLAND,True
NOTICE_OF_CANCELLATION_STATE_FARM_GENERAL_INSURANCE_COMPANY_49_7_PDF_ITC13.pdf,GALT,GALT,True
162_rein_3_Gainsco_reinst.pdf,BOUNTIFUL,BOUNTIFUL,True
27_7_PDF_ITC10_ERIE_INSURANCE_EXCHANGE_INTEND_TO_CANCEL1.pdf,CORAOPOLIS,CORAOPOLIS,True
28_7_PDF_bin_1Statefarm_mutual.pdf,"SPOKANE,","SPOKANE,",True
NOTICE_OF_CANCELLATION_STATE_FARM_GENERAL_INSURANCE_COMPANY_27_7_PDF_ITC13.pdf,LOS ANGELES,LOS ANGELES,True
27_7_PDF_cancel78_Travelers_Cancellation.pdf,MERRICK,MERRICK,True
Homestate_Insurance_Company_of_New_York_Dec_212_7_PDF_dec_91.pdf,HOPEWELL JUNCTION,HOPEWELL JUNCTION,True
27_7_PDF_cancel78_Amica_Mutual_Insurance_Company_Cancellation.pdf,"Moreno Valley,","Moreno Valley,",True
NOTICE_OF_CANCELLATION_STATE_FARM_GENERAL_INSURANCE_COMPANY_26_7_PDF_ITC131.pdf,VAN NUYS,VAN NUYS,True
26_7_PDF_ITC10_ERIE_INSURANCE_EXCHANGE_INTEND_TO_CANCEL1.pdf,NANTICOKE,NANTICOKE,True
NOTICE_OF_CANCELLATION_STATE_FARM_GENERAL_INSURANCE_COMPANY_101_7_PDF_ITC131.pdf,LOS ANGELES,LOS ANGELES,True
26_7_PDF_cancel78_Travelers_Cancellation.pdf,LYNBROOK,LYNBROOK,True
26_7_PDF_acord31_The_standard_fire.pdf,"MINNEAPOLIS,","MINNEAPOLIS,",True
261_cancel77_Amica_cancel.pdf,"San Jose,","San Jose,",True
NOTICE_OF_CANCELLATION_STATE_FARM_GENERAL_INSURANCE_COMPANY_100_7_PDF_ITC131.pdf,LOS ANGELES,LOS ANGELES,True
9bfa4d36_2bb1_11eb_a46b_4d11fa34adc5_pdf.pdf,COLLEGE PARK,COLLEGE PARK,True
25_7_PDF_ITC10_ERIE_INSURANCE_EXCHANGE_INTEND_TO_CANCEL.pdf,LITTLESTOWN,LITTLESTOWN,True
158_STATE_FARM_FIRE_CASUALTY_COMPANY_08_10_2020_REINST_27_PDF_reinst27.pdf,OSWEGO,OSWEGO,True
25_7_PDF_bin_1Statefarm_mutual.pdf,"BETHESDA,","BETHESDA,",True
25_7_PDF_acord31_The_standard_fire.pdf,"ALBERTVILLE,","ALBERTVILLE,",True
NOTICE_OF_CANCELLATION_STATE_FARM_FIREA_AND_CASUALTY_COMPANY_61_7_PDF_ITC131.pdf,PORTAGE,PORTAGE,True
24_7_PDF_bin_1Statefarm_Automobile.pdf,SOUTH SHORE,SOUTH SHORE,True
259_7_PDF_cancel75_AMICA_MUTUAL_INS_CO_CANCEL.pdf,SOUTH WEYMOUTH,SOUTH WEYMOUTH,True
24_cancel77_First_acceptance_expire.pdf,FRESNO,FRESNO,True
NOTICE_OF_CANCELLATION_STATE_FARM_FIRE_ND_CASUALTY_COMPANY_66_7_PDF_ITC131.pdf,FULTON,FULTON,True
24_7_PDF_cancel78_First_Aceptance_Insurance_Company_Cancellation.pdf,HACIENDA HEIGHTS,HACIENDA HEIGHTS,True
23_7_PDF_bin_1Statefarm_Automobile.pdf,Yakima,Yakima,True
24_7_PDF_cancel63_AMICA_PROPERTY_AND_CASUALTY_INS_CO_CANCEL.pdf,NORTH OLMSTED,NORTH OLMSTED,True
242_cancel77_Amica_cancel.pdf,HUNTINGTON,HUNTINGTON,True
NOTICE_OF_CANCELLATION_STATE_FARM_FIRE_AND_CASUALTY_COMPANY_85_7_PDF_ITC131.pdf,MISHAWAKA,MISHAWAKA,True
241_cancel77_Amica_cancel.pdf,HUNTINGTON STATION,HUNTINGTON STATION,True
TRAVELERS_PERSONAL_INS_CO_DEC_49_7_PDF_dec_100.pdf,"JASPER,","JASPER, | JASPER,",False
State_Farm_Fire_and_Casualty_Company_74_7_PDF_renew252.pdf,CATSKILL,CATSKILL,True
NOTICE_OF_CANCELLATION_STATE_FARM_FIRE_AND_CASUALTY_COMPANY_80_7_PDF_ITC131.pdf,HVRE DE GRACE,HVRE DE GRACE,True
22_7_PDF_bin_1Statefarm_Automobile.pdf,"BURLINGTON,","BURLINGTON,",True
22_7_PDF_acord31_Consumers_county.pdf,"FORT WORTH,","FORT WORTH,",True
NOTICE_OF_CANCELLATION_STATE_FARM_FIRE_AND_CASUALTY_COMPANY_7_7_PDF_ITC131.pdf,ANDOVER,ANDOVER,True
7d9d629a_29c3_11eb_9847_57700c1975f5_pdf.pdf,JOHNSON CITY,JOHNSON CITY,True
NOTICE_OF_CANCELLATION_STATE_FARM_FIRE_AND_CASUALTY_COMPANY_73_7_PDF_ITC13.pdf,SILVER SPRING,SILVER SPRING,True
21_7_PDF_bin_1Statefarm_mutual.pdf,"ROYSE CITY,","ROYSE CITY,",True
21_7_PDF_bin_1Statefarm_Automobile.pdf,"SHALLOTTE,","SHALLOTTE,",True
NOTICE_OF_CANCELLATION_STATE_FARM_FIRE_AND_CASUALTY_COMPANY_72_7_PDF_ITC13.pdf,LIVERPOOL,LIVERPOOL,True
223_7_PDF_cancel75_FIRST_ACCEPTANCE_INS_CO_INC_CANCEL.pdf,SELMA,SELMA,True
21_7_PDF_acord31_Consumers_county.pdf,"FORT WORTH,","FORT WORTH,",True
4cb36489_2b5d_11eb_b3c4_81b3dfa4811a_pdf.pdf,NEWTON,NEWTON,True
dbefa37b_2b5d_11eb_9847_c1960fbc5bef_pdf.pdf,Lagrangeville,Lagrangeville,True
21_THE_TRAVELLERS_INSURANCE_COMPANIES_HARTFORD_CONNECTICUT_09_10_2020_CANCEL_51_PDF_cancel_51.pdf,"SHADY COVE,","SHADY COVE,",True
NOTICE_OF_CANCELLATION_STATE_FARM_FIRE_AND_CASUALTY_COMPANY_71_7_PDF_ITC13.pdf,FULTON,FULTON,True
1081e8a1_2a3e_11eb_b3c4_093a0bd9d164_pdf.pdf,"STANDISH,","STANDISH,",True
NOTICE_OF_CANCELLATION_STATE_FARM_FIRE_AND_CASUALTY_COMPANY_70_7_PDF_ITC13.pdf,LOVES PARK,LOVES PARK,True
20_7_PDF_bin_1Statefarm_mutual.pdf,"JACKSBORO,","JACKSBORO,",True
MMG_insurance_companyReinstatement30_7_PDF_rein_5.pdf,FORT KENT,FORT KENT,True
NOTICE_OF_CANCELLATION_STATE_FARM_FIRE_AND_CASUALTY_COMPANY_6_7_PDF_ITC13.pdf,ARCOLA,ARCOLA,True
20_7_PDF_bin_1Statefarm_Automobile.pdf,"GLENVILLE,",,False
Tapco_mortgage_3_7_PDF_amend_49.pdf,"Gig Harbor,","Gig Harbor,",True
NOTICE_OF_CANCELLATION_STATE_FARM_FIRE_AND_CASUALTY_COMPANY_65_7_PDF_ITC13.pdf,TUMWATER,TUMWATER,True
1st_acceptance_ins_co_co_Inc_Cancel99_7_PDF_cancel74.pdf,PHOENIX,PHOENIX,True
State_Farm_Fire_Casualty_co_renewal111_7_PDF_renew_222.pdf,COMMACK,COMMACK,True
41_7_PDF_decpage119_Farmers_Mutual_Insurance_Dec.pdf,VALPARAISO,VALPARAISO,True
RENEWAL_STATE_FARM_FIRE_AND_CASUALTY_COMPANY_6_7_PDF_renew_219.pdf,SYRACUSE,SYRACUSE,True
RENEWAL_STATE_FARM_FIRE_AND_CASUALTY_COMPANY_74_7_PDF_renew_221.pdf,LAKE VILLA,LAKE VILLA,True
25f30ada_2bb2_11eb_a46b_1d86daa5cb5a_pdf.pdf,Sun Prairie,Sun Prairie,True
NOTICE_OF_CANCELLATION_STATE_FARM_FIRE_AND_CASUALTY_COMPANY_64_7_PDF_ITC13.pdf,DANVILLE,DANVILLE,True
State_Farm_Fire_and_Casualty_Company_60_7_PDF_renew252.pdf,KATONAH,KATONAH,True
1st_acceptance_ins_co_co_Inc_Cancel42_7_PDF_cancel74.pdf,PARRISH,PARRISH,True
1st_acceptance_ins_co_co_Inc_Cancel171_7_PDF_cancel74.pdf,GLENDALE,GLENDALE,True
NOTICE_OF_CANCELLATION_STATE_FARM_FIRE_AND_CASUALTY_COMPANY_62_7_PDF_ITC13.pdf,SNOQUALMIE,SNOQUALMIE,True
1st_acceptance_ins_co_co_Inc_Cancel158_7_PDF_cancel74.pdf,PRATTVILLE,PRATTVILLE,True
1st_acceptance_ins_co_co_Inc_Cancel154_7_PDF_cancel74.pdf,DOTHAN,DOTHAN,True
NOTICE_OF_CANCELLATION_STATE_FARM_FIRE_AND_CASUALTY_COMPANY_56_7_PDF_ITC13.pdf,DEWITTVILLE,DEWITTVILLE,True
State_Farm_Fire_and_Casualty_Company_51_7_PDF_renew252.pdf,SARVER,SARVER,True
124_TRAVELLERS_CASUALTY_INSURANCE_COMPANY_OF_AMERICACHANGE_DOCUMENT_03_10_2020_AMEND_14_PDF_amend_14.pdf,STEPHENVILLE,STEPHENVILLE,True
NOTICE_OF_CANCELLATION_STATE_FARM_FIRE_AND_CASUALTY_COMPANY_44_7_PDF_ITC13.pdf,STONY BROOK,STONY BROOK,True
19_7_PDF_cancel75_THE_TRAVELERS_INS_COMPANIES_CANCEL.pdf,"CYPRESS,","CYPRESS,",True
0d4e80ed_2bb7_11eb_a46b_d7be31f5f23d_pdf.pdf,COLORADO SPRINGS,COLORADO SPRINGS,True
NOTICE_OF_CANCELLATION_STATE_FARM_FIRE_AND_CASUALTY_COMPANY_39_7_PDF_ITC13.pdf,SOMERVILLE,SOMERVILLE,True
The_American_Family_Insurance_Dec_203_7_PDF_dec_91.pdf,RICHFIELD,RICHFIELD,True
NOTICE_OF_CANCELLATION_STATE_FARM_FIRE_AND_CASUALTY_COMPANY_38_7_PDF_ITC13.pdf,GREENE,GREENE,True
The_American_Family_Insurance_Dec_202_7_PDF_dec_91.pdf,STANCHFIELD,STANCHFIELD,True
NOTICE_OF_CANCELLATION_STATE_FARM_FIRE_AND_CASUALTY_COMPANY_35_7_PDF_ITC13.pdf,MARTINSVILLE,MARTINSVILLE,True
108_STATE_FARM_FIRE_CASUALTY_COMPANY_RENEWAL_DOCUMENT_21_10_2020_PDF_renew_1.pdf,LEBANON,LEBANON,True
NOTICE_OF_CANCELLATION_STATE_FARM_FIRE_AND_CASUALTY_COMPANY_34_7_PDF_ITC13.pdf,MARTINSVILLE,MARTINSVILLE,True
18_7_PDF_cancel75_THE_TRAVELERS_INS_COMPANIES_CANCEL.pdf,"HAGERSTOWN,","HAGERSTOWN,",True
NOTICE_OF_CANCELLATION_STATE_FARM_FIRE_AND_CASUALTY_COMPANY_33_7_PDF_ITC13.pdf,MARTINSVILLE,MARTINSVILLE,True
57_7_PDF_renew_170.pdf,MASSAPEQUA,MASSAPEQUA,True
182_7_PDF_cancel75_FIRST_ACCEPTANCE_INS_CO_INC_CANCEL.pdf,KINGSPORT,KINGSPORT,True
NOTICE_OF_CANCELLATION_STATE_FARM_FIRE_AND_CASUALTY_COMPANY_32_7_PDF_ITC13.pdf,CHATHAM,CHATHAM,True
0bbcd649_2bb2_11eb_a46b_b1cec2f556b7_pdf.pdf,Eastport,Eastport,True
17_7_PDF_acord24_FARM_BUREAU_PROPERTY_AND_CASUALTY_INS_COM.pdf,AUGUSTA | AUGUSTA,AUGUSTA,False
NOTICE_OF_CANCELLATION_STATE_FARM_FIRE_AND_CASUALTY_COMPANY_31_7_PDF_ITC13.pdf,CHATHAM,CHATHAM,True
NOTICE_OF_CANCELLATION_STATE_FARM_FIRE_AND_CASUALTY_COMPANY_30_7_PDF_ITC13.pdf,CHATHAM,CHATHAM,True
NOTICE_OF_CANCELLATION_STATE_FARM_FIRE_AND_CASUALTY_COMPANY_29_7_PDF_ITC13.pdf,CHATHAM,CHATHAM,True
RENEWAL_STATE_FARM_FIRE_AND_CASUALTY_COMPANY_28_7_PDF_renew_219.pdf,CASTLE CREEK,CASTLE CREEK,True
AMENDMENT_ERIE_INSURANCE_COMPANY6_7_PDF_amend_9.pdf,CINCINNATI,CINCINNATI,True
165_cancel77_First_acceptance_cancel.pdf,KINZERS,KINZERS,True
NOTICE_OF_CANCELLATION_STATE_FARM_FIRE_AND_CASUALTY_COMPANY_136_7_PDF_ITC13.pdf,SYRACUSE,SYRACUSE,True
17_7_PDF_decpage120_State_Farm_Mutual_Automobile_Insurance_Company_Dec_2.pdf,MURFREESBORO,MURFREESBORO,True
15_7_PDF_cancel76_FIRST_ACCEPTANCE_INS_CO_CANCEL.pdf,BAINBRIDGE | DOTHAN,BAINBRIDGE | DOTHAN,True
NOTICE_OF_CANCELLATION_STATE_FARM_FIRE_AND_CASUALTY_COMPANY_135_7_PDF_ITC13.pdf,FULTON,FULTON,True
NOTICE_OF_CANCELLATION_STATE_FARM_FIRE_AND_CASUALTY_COMPANY_134_7_PDF_ITC13.pdf,CAZENOVIA,CAZENOVIA,True
65_amend186_Allstate_vehicle_and_property_mortgge_dec.pdf,Huntington Sta,Huntington Sta,True
NOTICE_OF_CANCELLATION_STATE_FARM_FIRE_AND_CASUALTY_COMPANY_122_7_PDF_ITC13.pdf,HILL CITY,HILL CITY,True
NOTICE_OF_CANCELLATION_STATE_FARM_FIRE_AND_CASUALTY_COMPANY_121_7_PDF_ITC13.pdf,EL DORADO,EL DORADO,True
13_7_PDF_cancel76_FIRST_ACCEPTANCE_INS_CO_CANCEL.pdf,COLUMBUS,COLUMBUS,True
8c5d11fa_29d3_11eb_9847_5f0f114acc38_pdf.pdf,WOODLAND,WOODLAND,True
134_FIRST_ACCEPTANCE_INSURANCE_COMPANY_INC09_10_2020_CANCEL_51_PDF_cancel_51.pdf,JACKSON | JACKSON,JACKSON | JACKSON,True
NOTICE_OF_CANCELLATION_STATE_FARM_FIRE_AND_CASUALTY_COMPANY_119_7_PDF_ITC13.pdf,OLD MONROE,OLD MONROE,True
132_FIRST_ACCEPTANCE_INSURANCE_COMPANY_INC_09_10_2020_CANCEL_51_PDF_cancel_51.pdf,JACKSON,JACKSON,True
NOTICE_OF_CANCELLATION_STATE_FARM_FIRE_AND_CASUALTY_COMPANY_117_7_PDF_ITC13.pdf,CHARLOTTE,CHARLOTTE,True
12_FIRST_ACCEPTANCE_INSURANCE_COMPANY_INC_09_10_2020_CANCEL_51_PDF_cancel_51.pdf,EVANSVILLE,EVANSVILLE,True
NOTICE_OF_CANCELLATION_STATE_FARM_FIRE_AND_CASUALTY_COMPANY_116_7_PDF_ITC13.pdf,WARE SHOALS,WARE SHOALS,True
149_7_PDF_acord31_Travellers.pdf,Margaretville,Margaretville,True
128_FIRST_ACCEPTANCE_INSURANCE_COMPANY_INC_09_10_2020_CANCEL_84_PDF_cancel84.pdf,SAN MATEO,SAN MATEO,True
NOTICE_OF_CANCELLATION_STATE_FARM_FIRE_AND_CASUALTY_COMPANY_115_7_PDF_ITC13.pdf,SPARTANBURG,SPARTANBURG,True
128_FIRST_ACCEPTANCE_INSURANCE_COMPANY_INC_09_10_2020_CANCEL_51_PDF_cancel_51.pdf,DOTHAN | COOSADA,DOTHAN | COOSADA,True
Amica_Mutual_Insurance_Company_Certificate_95_7_PDF_dec_91.pdf,MEDFORD,MEDFORD,True
147_7_PDF_acord31_Utica.pdf,WHITESBORO,WHITESBORO,True
124_cancel77_Amica_cancel.pdf,"Plainville,","Plainville,",True
NOTICE_OF_CANCELLATION_STATE_FARM_FIRE_AND_CASUALTY_COMPANY_123_7_PDF_ITC13.pdf,SOMERS POINT,SOMERS POINT,True
State_Farm_Fire_Casualty_co_renewal66_7_PDF_renew_222.pdf,HUNTINGTN STANY,HUNTINGTN STANY,True
NOTICE_OF_CANCELLATION_STATE_FARM_FIRE_AND_CASUALTY_COMPANY_99_7_PDF_ITC13.pdf,MOUNT CARMEL,MOUNT CARMEL,True
123_7_PDF_cancel75_FIRST_ACCEPTANCE_INS_CO_INC_CANCEL.pdf,STOCKTON,STOCKTON,True
51f7ec11_2bb1_11eb_9847_eb6c1e669bc0_pdf.pdf,Lansdale,Lansdale,True
145_LIBERTY_MUTUAL_GENERAL_INSURANCE_COMPANY_08_10_2020_REINST_27_PDF_reinst27.pdf,NORTHUMBERLAND,NORTHUMBERLAND,True
State_Farm_Fire_and_Casualty_Company_Declaration_44_7_PDF_renew261_42.pdf,SPRINGFIELD,SPRINGFIELD,True
146_7_PDF_acord31_Newyork.pdf,Guilford,Guilford,True
Meemic_insurance_company_73_7_PDF_rein_2.pdf,LAMBERTVILLE,LAMBERTVILLE,True
11_cancel77_First_acceptance_cancel.pdf,AURORA,AURORA,True
145_7_PDF_acord31_Utica.pdf,HANNIBAL,HANNIBAL,True
FIRST_ACCEPTANCE_CANCEL_47_7_PDF_cancel68.pdf,EULESS,EULESS,True
11_7_PDF_cancel76_THE_TRAVELERS_INSURANCE_COMPANIES_CANCEL.pdf,"FORT GAINES,","FORT GAINES,",True
Erie_Isurance_Exchange_Cancellation_Notice_11_7_PDF_ITC_1_4.pdf,ARMAGH,ARMAGH,True
144_7_PDF_acord31_New_york.pdf,Delhi,Delhi,True
The_standerd_Fire_Insurance119_7_PDF_acord25.pdf,"NILES,","NILES,",True
51aff137_2bb2_11eb_a46b_3336c1be2d66_pdf.pdf,DANE,DANE,True
118_7_PDF_cancel75_FIRST_ACCEPTANCE_INS_CO_INC_CANCEL.pdf,TUCSON,TUCSON,True
Erie_Isurance_Exchange_Cancellation_Notice_11_7_PDF_ITC_1_3.pdf,DUNCANNON,DUNCANNON,True
143_7_PDF_acord31_New_york.pdf,OXFORD,Morris,False
115_AMICA_MUTUAL_INSURANCE_COMPAANY_09_10_2020_CANCEL_84_PDF_cancel84.pdf,LONG BEACH,LONG BEACH,True
142_7_PDF_acord31_Newyork.pdf,"East Meredith,","East Meredith,",True
Erie_Isurance_Exchange_Cancellation_Notice_11_7_PDF_ITC_1_1.pdf,LANCASTER,LANCASTER,True
141_7_PDF_acord31_Travellers.pdf,LIVERPOOL,LIVERPOOL,True
114_7_PDF_ITC10_ERIE_INSURANCE_EXCHANGE_INTENT_TO_CANCEL.pdf,ERIE,ERIE,True
Erie_Insurance_Exchange_Cancellation_Notice_9_7_PDF_ITC_1_2.pdf,BEDFORD,BEDFORD,True
27_STATE_FARM_FIRE_CASUALTY_COMPANY_08_10_2020_REINST_27_PDF_reinst27.pdf,NORTH TAZEWELL,NORTH TAZEWELL,True
Amica_Mutual_Insurance_Company_Certificate_84_7_PDF_dec_91.pdf,"Hillsboro,","Hillsboro,",True
Erie_Insurance_Exchange_Cancellation_Notice_9_7_PDF_ITC_1_1.pdf,MIDLOTHIAN,MIDLOTHIAN,True
GEICO_80_PDF_ID_1.pdf,"GIG HARBOR,","GIG HARBOR,",True
140_7_PDF_acord31_Travellers.pdf,CENTRAL SQUARE,CENTRAL SQUARE,True
The_standerd_Fire_Insurance114_7_PDF_acord25.pdf,"MINNEAPOLIS,","MINNEAPOLIS,",True
5e36babf_2bb2_11eb_a46b_0352ce96b87a_pdf.pdf,FORT ATKINSON,FORT ATKINSON,True
10_cancel77_First_acceptance_cancel.pdf,AURORA,AURORA,True
16_7_PDF_decpage120_State_Farm_Indemnity_Company_Dec.pdf,VERNON,VERNON,True
Erie_Insurance_Exchange_Cancellation_Notice_6_7_PDF_ITC_1_2.pdf,FAULKNER,FAULKNER,True
13_7_PDF_bin_1Statefarm_Automobile.pdf,"WEST ALLIS,","WEST ALLIS,",True
Erie_Insurance_Exchange_Cancellation_Notice_6_7_PDF_ITC_1_1.pdf,MARYDEL,MARYDEL,True
10_7_PDF_cancel76_THE_TRAVELERS_INSURANCE_COMPANIES_CANCEL.pdf,"FORT GAINES,","FORT GAINES,",True
Erie_Insurance_Exchange_Cancellation_Notice_3_7_PDF_ITC_1.pdf,BEAVER,BEAVER,True
10_7_PDF_cancel63_THE_TRAVELERS_INSURANCE_COMPANIES_CANCEL.pdf,CHERRY HILL,CHERRY HILL,True
State_Farm_Fire_and_Casualty_Company_108_7_PDF_renew_158.pdf,MINNEAPOLIS,MINNEAPOLIS,True
Eire_Insurance_Exchange_Cancellation_Notice_1_7_PDF_ITC_1_4.pdf,FOREST HILL,FOREST HILL,True
State_Farm_Fire_and_Casualty_Company_Declaration_44_7_PDF_renew261_33.pdf,HOPEWELL JCT,HOPEWELL JCT,True
16_7_PDF_decpage119_Erie_Insurance_Exchange_Dec.pdf,ELKTON,ELKTON,True
Amica_Mutual_Insurance_Company_Certificate_75_7_PDF_dec_91.pdf,BEND,BEND,True
Eire_Insurance_Exchange_Cancellation_Notice_1_7_PDF_ITC_1_2.pdf,MONKTON,MONKTON,True
104_7_PDF_ITC10_ERIE_INSURANCE_EXCHANGE_INTENT_TO_CANCEL.pdf,SAYRE,SAYRE,True
103_STATE_FARM_FLORIDA_INSURANCE_COMPANYCANCEL_DOC12_10_2020_ITC_DOCUMENT_PDF_ITC15.pdf,JACKSONVILLE,JACKSONVILLE,True
Eire_Insurance_Exchange_Cancellation_Notice_1_7_PDF_ITC_1_1.pdf,ELKTON,ELKTON,True
State_Farm_Fire_and_Casualty_Company_Declaration_44_7_PDF_renew261_30.pdf,WALDEN,WALDEN,True
138_7_PDF_acord31_Co_operative.pdf,Williston,Williston,True
Copy_of_Cancellation_First_Acceptance_Ins_Co_35_7_PDF_cancel_49.pdf,ANTELOPE,ANTELOPE,True
cd6ad1f2_2ae1_11eb_a46b_6ff733ed9ef5_pdf.pdf,Philadelphia,Philadelphia,True
103_FIRST_ACCEPTANCE_INSURANCE_COMPANY_INC_09_10_2020_CANCEL_84_PDF_cancel84.pdf,TALLAHASSEE,TALLAHASSEE,True
Cancellation_First_Acceptance_Ins_Co_OF_GA_61_7_PDF_cancel69.pdf,LILBURN,LILBURN,True
Cancellation_First_Acceptance_Ins_Co_7_PDF_cancel69.pdf,COLUMBUS | NORTH VERNON,COLUMBUS | NORTH VERNON,True
Cancellation_First_Acceptance_Ins_Co_154_7_PDF_cancel69.pdf,AURORA,AURORA,True
136_7_PDF_acord31_Union_mutual.pdf,"North Ferrisburgh,","North Ferrisburgh,",True
The_Standerd_Fire_Insurance106_7_PDF_acord25.pdf,"MOUNT OLIVE,","MOUNT OLIVE,",True
State_Farm_Fire_and_Casualty_Company_101_7_PDF_renew252.pdf,HIGHLAND,HIGHLAND,True
135_7_PDF_acord31_Standard_fire.pdf,MORRISVILLE,MORRISVILLE,True
The_Standerd_Fire_Insurance105_7_PDF_acord25.pdf,"MOUNT OLIVE,","MOUNT OLIVE,",True
Amica_Mutual_ins_co_Cancel124_7_PDF_cancel74.pdf,"Fort Worth,","Fort Worth,",True
133_7_PDF_acord31_NGM.pdf,"Burlington,","Burlington,",True
15_7_PDF_decpage120_Erie_Insurance_Exchange_Dec.pdf,ACCIDENT,ACCIDENT,True
132_7_PDF_acord31_Progressive.pdf,Saint Albans,Saint Albans,True
Amica_ins_co251_7_PDF_cancel66.pdf,"Plano,","Plano,",True
State_Farm_Fire_Casualty_co_renewal51_7_PDF_renew_222.pdf,MASSAPEQUA,MASSAPEQUA,True
131_7_PDF_acord31_United_ohio.pdf,Saint Johnsbury,Saint Johnsbury,True
Amica_ins_co244_7_PDF_cancel66.pdf,WOODBRIDGE,WOODBRIDGE,True
130_7_PDF_acord31_Progressive.pdf,Warren,Warren,True
sentinel_insurance_co125_7_PDF_acord_3_1.pdf,EUREKA,EUREKA,True
Amica_ins_co243_7_PDF_cancel66.pdf,WOODBRIDGE,WOODBRIDGE,True
Nationwide_Agribusiness_Insurance123_7_PDF_acord25.pdf,"BLOOMFIELD,",BLOOMFIELD,False
State_Farm_Fire_and_Casualty_Company_Declaration_42_7_PDF_renew261.pdf,BAY SHORE,BAY SHORE,True
12_7_PDF_bin_1Statefarm_Automobile.pdf,"BALTIMORE,","BALTIMORE,",True
kb_home_insurance_company_130_7_PDF_acord_3_1.pdf,"RANCHO SANTA MARGARITA,","RANCHO SANTA MARGARITA,",True
5_7_PDF_decpage125_Stillwater_Property_and_Casualty_Insurance_Company_Dec.pdf,VALENCIA,VALENCIA,True
Aica_mutual_insurance_comapny_cancel_65_pg_14.pdf,"Saint Augustine,","Saint Augustine,",True
c03292c0_2ae1_11eb_a46b_f95859252dcc_pdf.pdf,Phila,Phila,True
Farm_Bureau_Property_and_Casulty_Comp59_7_PDF_acord25.pdf,LANSING,LANSING,True
9_7_PDF_cancel78_Travelers_Insurance_Companies_Cancellation.pdf,"ARLINGTON,","ARLINGTON,",True
farm_beureo_property_ins32_7_PDF_acord_3_1.pdf,CLINTON,CLINTON,True
9_7_PDF_cancel63_THE_TRAVELERS_INSURANCE_COMPANIES_CANCEL.pdf,CHERRY HILL,CHERRY HILL,True
DEC_TRAVELERS_71_7_PDF_amend183.pdf,SCOTTSDALE,SCOTTSDALE,True
127_7_PDF_acord31_Metro_politan.pdf,ESSEX JUNCTION,ESSEX JUNCTION,True
95_FIRST_ACCEPTANCE_INSURANCE_COMPANY_INC_09_10_2020_CANCEL_84_PDF_cancel84.pdf,ATTAPULGUS,ATTAPULGUS,True
farm_beureo_ins34_7_PDF_acord_3_1.pdf,OGDEN,OGDEN,True
126_7_PDF_acord31_MMG.pdf,RICHFORD,RICHFORD,True
097cf9bb_2a44_11eb_9847_bf68051b4ba8_pdf.pdf,"Payson,","Payson,",True
92_7_PDF_ITC10_ERIE_INSURANCE_EXCHANGE_INTENT_TO_CANCEL.pdf,WAYNESBORO,WAYNESBORO,True
farm_beureo_and_property_ins_4_7_PDF_acord_3_1.pdf,WICHITA,WICHITA,True
State_Farm_Mutual_Automobile_Insurance_company_Dec_223_7_PDF_dec_91.pdf,GASTON,GASTON,True
89_FIRST_ACCEPTANCE_INSURANCE_COMPANY_INC_08_10_2020_REINST_27_PDF_reinst27.pdf,DOTHAN | DOTHAN,DOTHAN | DOTHAN,True
125_7_PDF_acord31_Progressive_Northern.pdf,Essex Junction,,False
13_7_PDF_decpage120_State_Farm_and_Fire_Casualty_Company_Dec.pdf,MACON,MACON,True
90_cancel77_First_acceptance_cancel.pdf,AUBURNDALE,AUBURNDALE,True
farm_beareuo_33_7_PDF_acord_3_1.pdf,CLINTON,CLINTON,True
90_7_PDF_ITC10_ERIE_INSURANCE_EXCHANGE_INTENT_TO_CANCEL.pdf,FAIRHOPE,FAIRHOPE,True
EVIDENCE_OF_PROPERTY_INSURANCE95_7_PDF_acord_6.pdf,"Gouverneur,","Gouverneur,",True
123_7_PDF_acord31_Metropolitan.pdf,MILTON,MILTON,True
State_Farm_Fire_and_Casualty_Company_Declaration_32_7_PDF_renew261.pdf,BETHPAGE | BELLMORE,BETHPAGE,False
Amica_Mutual_Insurance_Company_Certificate_42_7_PDF_dec_91.pdf,WOODSTOCK,WOODSTOCK,True
EVIDENCE_OF_PROPERTY_INSURANCE85_7_PDF_acord_6.pdf,"DEER PARK,","DEER PARK,",True
89_7_PDF_ITC10_ERIE_INSURANCE_EXCHANGE_INTENT_TO_CANCEL.pdf,LONACONING,LONACONING,True
State_Farm_Mutual_Automobile_Insurance_company_Dec_217_7_PDF_dec_91.pdf,JENISON,JENISON,True
88_7_PDF_ITC10_ERIE_INSURANCE_EXCHANGE_INTENT_TO_CANCEL.pdf,MECHANICSBURG,MECHANICSBURG,True
121_7_PDF_acord31_Patriot.pdf,SAINT ALBANS,SAINT ALBANS,True
DEC_NATIONWIDE_GENERAL_INSURANCE_COMPANY_118_7_PDF_decpage131.pdf,Chester,Chester,True
4_7_PDF_decpage125_Liberty_Mutual_Insurance_Company_Policy_2.pdf,"Bonne Terre,","Bonne Terre,",True
Progressive_Ins_Grp_36_2_PDF_ID_1.pdf,MOUNT UPTON,MOUNT UPTON,True
87_7_PDF_ITC10_ERIE_INSURANCE_EXCHANGE_INTENT_TO_CANCEL.pdf,MOORESBORO,MOORESBORO,True
EVIDENCE_OF_PROPERTY_INSURANCE10_7_PDF_acord_6.pdf,PARSONS,PARSONS,True
86_7_PDF_ITC10_ERIE_INSURANCE_EXCHANGE_INTENT_TO_CANCEL.pdf,SAUK CITY,SAUK CITY,True
Commerce_bank.pdf,Camden,Camden,True
85_FIRST_ACCEPTANCE_INSURANCE_COMPANY_INC_09_10_2020_CANCEL_84_PDF_cancel84.pdf,BAINBRIDGE,BAINBRIDGE,True
85_FIRST_ACCEPTANCE_INSURANCE_COMPANY_INC_09_10_2020_CANCEL_51_PDF_cancel_51.pdf,BESSEMER,BESSEMER,True
85_7_PDF_ITC10_ERIE_INSURANCE_EXCHANGE_INTENT_TO_CANCEL.pdf,EDGERTON,EDGERTON,True
American_Alternative_INS169_7_PDF_acord25.pdf,Campton,Campton,True
10_7_PDF_bin_1Statefarm_mutual.pdf,"LAFAYETTE,","LAFAYETTE,",True
84_FIRST_ACCEPTANCE_INSURANCE_COMPANY_INC_09_10_2020_CANCEL_84_PDF_cancel84.pdf,MIDWAY,MIDWAY,True
10_7_PDF_acord_18_ALLSTATE_INS.pdf,"Howell,","Howell,",True
83_FIRST_ACCEPTANCE_INSURANCE_COMPANY_INC_09_10_2020_CANCEL_51_PDF_cancel_51.pdf,BIRMINGHAM,BIRMINGHAM,True
amco_insurance128_7_PDF_acord_3_1.pdf,Weaverville,Weaverville,True
Change_ASI_Preferred_178_7_PDF_amend196.pdf,ATLANTIC BEACH,ATLANTIC BEACH,True
83_7_PDF_ITC10_ERIE_INSURANCE_EXCHANGE_INTENT_TO_CANCEL.pdf,MC HENRY,MC HENRY,True
ALLIED_INSURANCE.pdf,"Butte,","Butte,",True
82_7_PDF_ITC10_ERIE_INSURANCE_COMPANY_INTENT_TO_CANCEL.pdf,WESTERNPORT,WESTERNPORT,True
Acord_5_7_Progressive.pdf,"Twin Falls,","Twin Falls,",True
81_7_PDF_ITC10_ERIE_INSURANCE_EXCHANGE_INTENT_TO_CANCEL.pdf,LONACONING,LONACONING,True
80_7_PDF_ITC10_ERIE_INSURANCE_EXCHANGE_INTENT_TO_CANCEL.pdf,SHIPPENSBURG,SHIPPENSBURG,True
9_7_PDF_binder4_state_farm_ins_com_2.pdf,"MARS,","MARS,",True
Amica_Mutual_Insurance_Company_Certificate_23_7_PDF_dec_91.pdf,COLLEYVILLE,COLLEYVILLE,True
48366570_2adf_11eb_9847_bf79a6e531f1_pdf.pdf,BEVERLY HILLS,BEVERLY HILLS,True
State_Farm_Fire_and_Casualty_Company_Declaration_26_7_PDF_renew261.pdf,E NORTHPORT,E NORTHPORT,True
7_7_PDF_cancel76_THE_TRAVELERS_INSURANCE_COMPANIES_CANCEL.pdf,COLLEYVILLE,COLLEYVILLE,True
GEICO_Casualty_company_34_7_PDF_ID_2.pdf,MEDIA,MEDIA,True
7_7_PDF_cancel63_THE_TRAVELERS_INSURANCE_COMPANIES_CANCEL.pdf,CHERRY HILL,CHERRY HILL,True
b2ea268f_2ae1_11eb_b3c4_99531d150456_pdf.pdf,Woodbury,Woodbury,True
79_7_PDF_ITC10_ERIE_INSURANCE_EXCHANGE_INTENT_TO_CANCEL.pdf,FAIRFIELD,FAIRFIELD,True
State_Farm_Fire_and_Casualty_Company_Declaration_23_7_PDF_renew261.pdf,WESTBURY,WESTBURY,True
78_7_PDF_ITC10_ERIE_INSURANCE_EXCHANGE_INTENT_TO_CANCEL.pdf,HARRISBURG,,False
94_7_PDF_acord31_American_state.pdf,"Lamont,","Lamont,",True
77_FIRST_ACCEPTANCE_INSURANCE_COMPANY_INC_09_10_2020_CANCEL_51_PDF_cancel_51.pdf,MOBILE,MOBILE,True
2b225cf9_2bb1_11eb_9847_1f9a84d67c2a_pdf.pdf,Newtown,Newtown,True
8_7_PDF_binder4_state_farm_ins_com.pdf,"FLORENCE,",,False
77_7_PDF_ITC10_ERIE_INSURANCE_EXCHANGE_INTENT_TO_CANCEL.pdf,FANNETTSBURG,FANNETTSBURG,True
76_7_PDF_ITC10_ERIE_INSURANCE_EXCHANGE_INTENT_TO_CANCEL.pdf,GREENCASTLE,GREENCASTLE,True
75_7_PDF_cancel63_FIRST_ACCEPTANCE_INS_CO_INC_CANCEL.pdf,BIRMINGHAM,BIRMINGHAM,True
74_7_PDF_ITC10_ERIE_INSURANCE_PROPERTY_AND_CASUALTY_INTENT_TO_CANCEL.pdf,BLUEFIELD,BLUEFIELD,True
6e9ff437_29c3_11eb_b3c4_893366c8ff0e_pdf.pdf,NEWMAN LAKE,NEWMAN LAKE,True
74_7_PDF_cancel63_FIRST_ACCEPTANCE_INS_CO_INC_CANCEL.pdf,HEFLIN,HEFLIN,True
b02916d3_29c9_11eb_b3c4_5f926cee0304_pdf.pdf,FISHKILL,FISHKILL,True
45d97c19_2a3b_11eb_9847_218936d13c9f_pdf.pdf,SOUTH PORTLAND,SOUTH PORTLAND,True
8_7_PDF_bin_1Statefarm_mutual.pdf,"UNADILLA,","UNADILLA,",True
71_FIRST_ACCEPTANCE_INSURANCE_COMPANY_INC09_10_2020_CANCEL_51_PDF_cancel_51.pdf,BIRMINGHAM,BIRMINGHAM,True
208_rein_3_ACCC_insurance_reinst.pdf,"KERRVILLE,","KERRVILLE,",True
70_FIRST_ACCEPTANCE_INSURANCE_COMPANY_INC09_10_2020_CANCEL_51_PDF_cancel_51.pdf,LEEDS,LEEDS,True
22_amend186_Allstate_certificate.pdf,LAS VEGAS,LAS VEGAS,True
6_7_PDF_cancel78_The_Travelers_Insurance_Companies_Cancellation_2.pdf,"WEST FRANKFORT,","WEST FRANKFORT,",True
7_7_PDF_binder4_state_farm_ins_com_5.pdf,"HIGH POINT,",,False
6_7_PDF_cancel78_First_Acceptance_Insurance_omapny_Cancellation.pdf,BIRMINGHAM,BIRMINGHAM,True
6_7_PDF_cancel76_THE_TRAVELERS_INSURANCE_COMPANIES_CANCEL.pdf,"CROWLEY,","CROWLEY,",True
